{
  "大同市":{
    "zoom": 9,
    "center": [113.546743,39.680476]
  },
  "晋城市":{
    "zoom": 9,
    "center": [112.851274,35.497553]
  },
  "晋中市":{
    "zoom": 9,
    "center": [112.568785,37.136112]
  },
  "临汾市":{
    "zoom": 9,
    "center": [111.516428,36.054845]
  },
  "吕梁市":{
    "zoom": 9,
    "center": [111.134335,37.524366]
  },
  "朔州市":{
    "zoom": 9,
    "center": [112.494155,39.491845]
  },
  "忻州市":{
    "zoom": 9,
    "center": [112.373736,38.591895]
  },
  "阳泉市":{
    "zoom": 10,
    "center": [113.583628,37.944057]
  },
  "太原市":{
    "zoom": 10,
    "center": [112.245579,37.792417]
  },
  "运城市":{
    "zoom": 9,
    "center": [111.003957,35.022778]
  },
  "长治市":{
    "zoom": 9,
    "center": [113.113556,36.191112]
  }
}
